target,mae,rmse
temperature,4.477729978874592,5.915415912649543
dew_point,4.5580545419627425,6.3638788278341885
wind_speed,3.402485116189744,4.426027845479191
average,4.146089879009026,5.56844086198764
